local-authority-code,council,made_declaration,date_made,motion_link,ref_to_adaptation,ecological_emergency,ref_to_nature,call_to_gov,carbon_neutral_date,carbon_neutral_whole_date,notes,motion_url,gss_code,region,local-authority-type-name,county-la,combined-authority
ABE,Aberdeen City Council,N,,Link (turned down motion),,No,None,,2045.0,None (Vision document says target will be set with strategy),,#NAME?,S12000033,Scotland,Scottish unitary authority,,
ABD,Aberdeenshire Council,"N but made a climate change declaration which ""recognises the world faces a climate challenge""",,Link to climate change declaration,No,No,"Yes ""promoting biodiversity;""",No,,"2045 ""Work with others across the region to ensure that Aberdeenshire reaches Net Zero by 2045""",,#NAME?,S12000034,Scotland,Scottish unitary authority,,
ADU,Adur District Council,Y,18/07/2019,Link,No,No,None,Yes,2030.0,2050Also confirmed as 2050 from this Scatter report,,#NAME?,E07000223,South East,Non-metropolitan district,WSX,
ALL,Allerdale Borough Council,Y (used the word 'emergency'),25/09/2019,Link,No,No,Yes (Environment),Yes,2030.0,2030 (confirmed),,#NAME?,E07000026,,,,
AMB,Amber Valley Borough Council,Y,24/07/2019,Link,No,No,None,Yes,2030.0,None,,#NAME?,E07000032,East Midlands,Non-metropolitan district,DBY,
ANS,Angus Council,Y,05/09/2019,Link,Yes,No,"Yes ""We recognise the importance of biodiversity, land use and our natural environment in our drive to reduce the impact of climate change.""",No,2045.0,2045,,#NAME?,S12000041,Scotland,Scottish unitary authority,,
ANN,Antrim and Newtownabbey Borough Council,N,,,,No,None,,,None,,#NAME?,N09000001,Northern Ireland,NI district,,
AND,Ards and North Down Council,Y,27/02/2019,Link,Yes,No,None,No (mentioned in minutes but not in resolution),,None (2030 is mentioned in the minutes but is not passed in the resolution. Confirmed here),,#NAME?,N09000011,Northern Ireland,NI district,,
AGB,Argyll and Bute Council,"Y (updated from just ""Recognises the growing concerns about the climate change emergency"" on 26th Sept 2019)",30/09/2021,Link,No,No,No,No,2045.0,None,,#NAME?,S12000035,Scotland,Scottish unitary authority,,
ABC,"Armagh City, Banbridge and Craigavon Borough Council",N (checking with Cllr),,,,No,No,,,None,,#NAME?,N09000002,Northern Ireland,NI district,,
ARU,Arun District Council,Y,15/01/2020,Link,No,No,Later approved motion to highlight biodiversity crisis,No,2030.0,None,,#NAME?,E07000224,South East,Non-metropolitan district,WSX,
ASH,Ashfield District Council,N,,,,No,No,,,None,,#NAME?,E07000170,East Midlands,Non-metropolitan district,NTT,
ASF,Ashford Borough Council,N,,Link to 2030 motion passed,,No,No,No,2030.0,"2030 ""Ashford Borough and Ashford Borough Council will aim to become carbon neutral by 2030, and 80% by 2025.""",,#NAME?,E07000105,South East,Non-metropolitan district,KEN,
BAB,Babergh District Council,Y,23/07/2019,Link,No,No,None,"Yes ""work with""",2030.0,2030,,#NAME?,E07000200,East of England,Non-metropolitan district,SFK,
BNS,Barnsley Metropolitan Borough Council,Y,18/09/2019,Link,No,No,None,No,2040.0,2045,,#NAME?,E08000016,Yorkshire and The Humber,Metropolitan district,,SCR
BAR,Barrow-in-Furness Borough Council,Y,16/07/2019,Link,No,No,None,No,2037.0,2037,,#NAME?,E07000027,,,,
BAI,Basildon Borough Council,N,,,,No,No,,2050.0,2050,,#NAME?,E07000066,East of England,Non-metropolitan district,ESS,
BAN,Basingstoke and Deane Borough Council,Y,18/07/2019,Link,No,No,"Yes ""strategic actions needed to address the environment and climate emergency""",No,2025.0,2030,,#NAME?,E07000084,South East,Non-metropolitan district,HAM,
BAE,Bassetlaw District Council,N,,,,No,No,,,None,,#NAME?,E07000171,East Midlands,Non-metropolitan district,NTT,
BAS,Bath and North East Somerset Council,Y,14/03/2019,Link,No,"Yes - separate July 2020 ""Ecological Emergency""",Yes,No,2030.0,2030,,#NAME?,E06000022,South West,Unitary authority,,WECA
BDF,Bedford Borough Council,Y,05/03/2019,Link,No,No,None,"Yes ""Work with local MPs to call on the UK government""",2030.0,None,,#NAME?,E06000055,East of England,Unitary authority,,
BFS,Belfast City Council,Y,01/10/2019,Link,Yes,No,None,Yes - Central and Devolved,,None,,#NAME?,N09000003,Northern Ireland,NI district,,
BIR,Birmingham City Council,Y,11/06/2019,Link,No,No,None,"Yes ""to work with and seek from the UK government""",2030.0,2030,,#NAME?,E08000025,West Midlands,Metropolitan district,,WMCA
BLA,Blaby District Council,N,,,,No,No,,2030.0,2050,,#NAME?,E07000129,East Midlands,Non-metropolitan district,LEC,
BBD,Blackburn with Darwen Borough Council,Y,18/07/2019,Link,No,No,"Yes in preamble ""loss of biodiversity including insects and vital food crop pollinators.""","Yes ""Actively lobby""",2030.0,2030,,#NAME?,E06000008,North West,Unitary authority,,
BPL,Blackpool Borough Council,Y,26/06/2019,Link,No,No,Yes,Yes,2030.0,2030 (may have been dropped),,#NAME?,E06000009,North West,Unitary authority,,
BGW,Blaenau Gwent County Borough Council,Y,28/09/2020,Link,No,No,None,No,2030.0,2050 (couldn't confirm),,#NAME?,W06000019,Wales,Welsh unitary authority,,
BOS,Bolsover District Council,N,,,,No,None,,2050.0,None,,#NAME?,E07000033,East Midlands,Non-metropolitan district,DBY,
BOL,Bolton Metropolitan Borough Council,Y,29/08/2019,Link,No,No,None,Yes,2030.0,2030,,#NAME?,E08000001,North West,Metropolitan district,,GMCA
BOT,Boston Borough Council,Y,20/01/2020,Link,No,Yes (Climate and Environment),Yes,Yes,2050.0,None,,#NAME?,E07000136,East Midlands,Non-metropolitan district,LIN,
BPC,"Bournemouth, Christchurch and Poole",Y,16/07/2019,Link,No,"Yes ""Climate and Ecological""",Yes,Yes,2030.0,2050,,#NAME?,E06000058,South West,Unitary authority,,
BRC,Bracknell Forest Council,N,,,,No,None,,2050.0,None,,#NAME?,E06000036,South East,Unitary authority,,
BRD,Bradford Metropolitan District Council,Y,15/01/2019,Link,No,No,None,"Yes ""Requests that the Chief Executive writes to Government requesting: a) additional funding and powers to enable us to deliver the Paris agreement""",2038.0,2038,,#NAME?,E08000032,Yorkshire and The Humber,Metropolitan district,,WYCA
BRA,Braintree District Council,Y,22/07/2019,Link,No,No,None,No,2030.0,None,,#NAME?,E07000067,East of England,Non-metropolitan district,ESS,
BRE,Breckland District Council,Y,19/09/2019,Link,No,No,No (deleted points 2-6 of motion that did reference biodiversity),No (deleted points 2-6),2035.0,"2035 ""The Council is committed to achieving carbon neutrality within the District by 2035.""",,#NAME?,E07000143,East of England,Non-metropolitan district,NFK,
BRW,Brentwood Borough Council,N,,,,No,No,,2040.0,None,,#NAME?,E07000068,East of England,Non-metropolitan district,ESS,
BGE,Bridgend County Borough Council,Y,22/07/2022,Link,No,No,No,Yes,2030.0,None,,#NAME?,W06000013,Wales,Welsh unitary authority,,
BNH,Brighton and Hove City Council,Y,13/12/2018,Link,No,"Yes ""Climate and Biodiversity""",Yes,"Yes ""chancellor of exchequer""",2030.0,2030,,#NAME?,E06000043,South East,Unitary authority,,
BST,Bristol City Council,Y,13/11/2018,Link,No,Yes - separate 4/02/2020 (Ecological),Yes,Yes,2025.0,2030,,#NAME?,E06000023,South West,Unitary authority,,WECA
BRO,Broadland District Council,N,,Link to motion turned down,,No,No,,,None,,#NAME?,E07000144,East of England,Non-metropolitan district,NFK,
BRM,Bromsgrove District Council,Y,24/07/2019,Link,No,No,No,No,,None,,#NAME?,E07000234,West Midlands,Non-metropolitan district,WOR,
BRX,Broxbourne Borough Council,N,,,,No,No,,,None,,#NAME?,E07000095,East of England,Non-metropolitan district,HRT,
BRT,Broxtowe Borough Council,Y,17/07/2019,Link,No,No,No,No,2027.0,None,,#NAME?,E07000172,East Midlands,Non-metropolitan district,NTT,
BUC,Buckinghamshire Council,N (but passed climate change motion),15/07/2020,Link,No,No,No,No,2050.0,2050,,#NAME?,E06000060,South East,Unitary authority,,
BUN,Burnley Borough Council,Y,10/07/2019,Link,No,No,No,Yes - call on Lancashire County Council and Westminster,2030.0,2030,,#NAME?,E07000117,North West,Non-metropolitan district,LAN,
BUR,Bury Metropolitan Borough Council,Y,10/07/2019,Link,No,No,No,Yes,2038.0,2038,,#NAME?,E08000002,North West,Metropolitan district,,GMCA
CAY,Caerphilly County Borough Council,Y,04/06/2019,Link,No,No,No,"Yes - Welsh and UK governments and""ask that Welsh and UK Government call on World Leaders to acknowledge the overwhelming scientific evidence that Climate Change has been created by human activity"" ",2030.0,2050,,#NAME?,W06000018,Wales,Welsh unitary authority,,
CLD,Calderdale Metropolitan Borough Council,Y,30/01/2019,Link,No,No,No,Yes,2038.0,2038,,#NAME?,E08000033,Yorkshire and The Humber,Metropolitan district,,WYCA
CAB,Cambridge City Council,Y,21/02/2019,Link,No,Biodiversity Emergency (separate - May 2019),Declared,Yes,2050.0,2050,,#NAME?,E07000008,East of England,Non-metropolitan district,CAM,CPCA
CPCA,Cambridgeshire and Peterborough Combined Authority,N,,,,No,No,,2050.0,2050,,#NAME?,E47000008,East of England,Combined authority,,
CAM,Cambridgeshire County Council,Y,14/05/2019,Link,Yes,"Yes ""Climate and Environment""","Yes ""protecting biodiversity""""Partnership; managing and protecting our County wildlife sites and their biodiversity""",No,2030.0,2050,,#NAME?,E10000003,East of England,County,,CPCA
CAN,Cannock Chase District Council,Y,17/07/2019,Link,No,No,No,Yes,2030.0,2030 (confirmed),,#NAME?,E07000192,West Midlands,Non-metropolitan district,STS,
CAT,Canterbury City Council,Y,18/07/2019,Link,No,No,No,Yes,,None,,#NAME?,E07000106,South East,Non-metropolitan district,KEN,
CAR,Carlisle City Council,Y,05/03/2019,Link,No,No,"Yes - ""Council Scrutiny Panels consider the impact of climate change and the environment when reviewing Council policies and strategies""","Yes ""and local MPS""",2030.0,2030 (cannot be verified - only said earliest date possible),,#NAME?,E07000028,,,,
CMN,Carmarthenshire County Council,Y,20/02/2019,Link,No,No,No,Yes - Welsh and UK governments,2030.0,2050,,#NAME?,W06000010,Wales,Welsh unitary authority,,
CAS,Castle Point Borough Council,N - turned it down on Sept 2020,,,,No,No,,,None,,#NAME?,E07000069,East of England,Non-metropolitan district,ESS,
CCG,Causeway Coast and Glens Borough Council,Y,02/05/2020,Link,No,No,No,No,,None,,#NAME?,N09000004,Northern Ireland,NI district,,
CBF,Central Bedfordshire Council,Y,19/07/2019,Link,Yes,No,No,No,2030.0,None,,https://www.centralbedfordshire.gov.uk/news/article/130/were_going_to_develop_a_climate_change_plan,E06000056,East of England,Unitary authority,,
CGN,Ceredigion County Council,Y,05/03/2020,Link,No,No,No,Yes - Welsh and UK governments,2030.0,None (as part of Mid Wales 2050 maybe but no confirmation) ,,#NAME?,W06000008,Wales,Welsh unitary authority,,
CHA,Charnwood Borough Council,Y,14/11/2023,Link,No,No,No,No,2030.0,None,,https://www.charnwood.gov.uk/news/2023/11/14/councillors_declare_climate_emergency_and_commit_to_taking_action_to_tackle_global_warming,E07000130,East Midlands,Non-metropolitan district,LEC,
CHL,Chelmsford City Council,Y,16/07/2019,Link,No,"Yes ""Climate and Ecological""","Declared. Also ""Establish a baseline for Chelmsford’s ecological status and monitor progress year on year"" ",Yes,2030.0,None (did say within same timescale [2030] but dropped),,#NAME?,E07000070,East of England,Non-metropolitan district,ESS,
CHT,Cheltenham Borough Council,Y,18/02/2019,Link,No,No,No,Yes,2030.0,2030,,#NAME?,E07000078,South West,Non-metropolitan district,GLS,
CHR,Cherwell District Council,Y,22/07/2019,Link,No,No,No,Yes,2030.0,"2030 ""do our part to achieve a net zero district""",,#NAME?,E07000177,South East,Non-metropolitan district,OXF,
CHE,Cheshire East Council,Y,22/05/2019,Link,No,No,No,No,2025.0,None,,#NAME?,E06000049,North West,Unitary authority,,
CHW,Cheshire West and Chester Council,Y,21/05/2019,Link,No,No,No,Yes,2030.0,2045,,#NAME?,E06000050,North West,Unitary authority,,
CHS,Chesterfield Borough Council,Y,17/07/2019,Link,No,No,No (but useful info),Yes,2030.0,2050,,#NAME?,E07000034,East Midlands,Non-metropolitan district,DBY,
CHI,Chichester District Council,Y,09/07/2019,Link,No,No,No,No,,"None (As with the Council target, the area-wide target is a 10% reduction year on year until 2025)",,#NAME?,E07000225,South East,Non-metropolitan district,WSX,
CHO,Chorley Borough Council,Y,19/11/2019,Link,No,No,No,"Yes ""write to... SoS for Business, Energy & Industrial Strategy; Transport; Environment, Food and Rural Affairs; and Housing, Communities and Local Government""",2030.0,2030,,#NAME?,E07000118,North West,Non-metropolitan district,LAN,
SWA,Swansea City Council,Y,27/06/2019,Link,No,No,No,Yes - Welsh and UK governments,2030.0,2050,,#NAME?,W06000011,Wales,Welsh unitary authority,,
CRF,City of Cardiff Council,Y,28/03/2019,Link,No,"No - But later it was recommended to declare a ""biodiversity emergency"". The recommendation was partially accepted by Council. Link here","No - But later it was recommended to declare a ""biodiversity emergency"". The recommendation was partially accepted by Council. Link here","Yes ""make representations to Welsh and UK""",2030.0,2030,,#NAME?,W06000015,Wales,Welsh unitary authority,,
GLG,City of Glasgow,Y,16/05/2019,Link,Yes,"Yes, ""Climate and Ecological""",Yes,No,2030.0,2030 for carbon neutrality. 2045 for net-zero emissions (pg. 6.),,#NAME?,S12000049,Scotland,Scottish unitary authority,,
LND,City of London,N,,,,No,No,,2027.0,2040,,#NAME?,E09000001,London,City corporation,,GLA
YOR,City of York Council,Y,11/03/2019,Link,No,No,"Yes ""loss of biodiversity including insects and... pollinators""","Yes ""Actively lobby""",2030.0,2030 (both production and consumption emissions),,#NAME?,E06000014,Yorkshire and The Humber,Unitary authority,,YNYC
CLK,Clackmannanshire Council,Y,19/08/2021,Link,No,No,No,Yes - Scottish,,None,,https://www.clacks.gov.uk/document/meeting/1/1088/7099.pdf,S12000005,Scotland,Scottish unitary authority,,
COL,Colchester Borough Council,Y,17/07/2019,Link,No,No,"Yes ""Commission an environmental audit which identifies pollution hotspots, wildlife biodiversity... aim to identify areas of improvement across the borough. ","Yes ""write to Minister of State for Energy & Clean Growth""",2030.0,None,,#NAME?,E07000071,East of England,Non-metropolitan district,ESS,
ELS,Comhairle nan Eilean Siar,N,,,,No,No,,,None,,#NAME?,S12000013,Scotland,Scottish unitary authority,,
CWY,Conwy County Borough Council,Y,09/05/2019,Link,No,No,No,Yes - Welsh only,2030.0,2050 (? can't find confirmation),,#NAME?,W06000003,Wales,Welsh unitary authority,,
COP,Copeland Borough Council,N - but released a position statement,01/12/2019,Link to statement (Appendix A),Yes,No,"Yes - ""man made ecological crisis""; ""set commitment to improve biodiversity""","No ""work with""",,None ,,#NAME?,E07000029,,,,
CON,Cornwall Council (Unitary),Y,22/01/2019,Link,No,No,No,Yes,2030.0,2030,,#NAME?,E06000052,South West,Unitary authority,,
COT,Cotswold District Council,Y,03/07/2019,Link,Yes,Yes - separate (June 2020),Declared separate,Yes,2045.0,None (going to come up with one),,#NAME?,E07000079,South West,Non-metropolitan district,GLS,
COV,Coventry City Council,Y,18/06/2019,Link,No,No,No,No,,"None (current strategy ends in 2020. ""As part of the new strategy we will look to set a date for Coventry to become net carbon zero.""",,#NAME?,E08000026,West Midlands,Metropolitan district,,WMCA
CRA,Craven District Council,Y,06/08/2019,Link,No,No,No,Yes,2030.0,2030,,#NAME?,E07000163,,,,
CRW,Crawley Borough Council,Y,17/07/2019,Link,No,No,No,Yes,2050.0,None,,#NAME?,E07000226,South East,Non-metropolitan district,WSX,
CMA,Cumbria County Council,N,,,,No,No,,2037.0,2037? ,,#NAME?,E10000006,,,,
DAC,Dacorum Borough Council,Y,17/07/2019,Link,No,"No but later referred to it as ""Climate and Ecological""",No but later have referred to it as,"No but ""urge the two Dacorum MPs to impress upon Central Government... [funding and powers]""",,None,,#NAME?,E07000096,East of England,Non-metropolitan district,HRT,
DAL,Darlington Borough Council,Y,18/07/2019,Link,No,No,"No but ""call for national curriculum to be reformed to include ""the ecological crisis as an educational priority""",Yes,2050.0,None,,#NAME?,E06000005,North East,Unitary authority,,TVCA
DAR,Dartford Borough Council,Y,07/10/2019,Link,No,No,No,No,2030.0,"2030 (""effects of climate change tackled earlier than either the 2050 national target or the 2030 date proposed by some."" - not sure if I count this as a net-zero pledge). No plan to confirm targets",,#NAME?,E07000107,South East,Non-metropolitan district,KEN,
DEN,Denbighshire County Council,Y,02/07/2019,Link,No,"Yes ""Climate and Ecological Emergency""","Yes ""including ways to enhance biodiversity in Denbighshire""",Yes - Welsh and UK governments,,None,,#NAME?,W06000004,Wales,Welsh unitary authority,,
DER,Derby City Council,Y,23/05/2019,Link,No,No,"Yes preamble ""extinctions of plant, insect and animal species""",No,,2050 (? cannot find confirmation of date),,#NAME?,E06000015,East Midlands,Unitary authority,,
DBY,Derbyshire County Council,N - but made pledges,05/2019,Link to pledges,No,No,No,Yes,2032.0,2050 (allocated carbon budgets for Derbyshire and to net zero by 2050.),,#NAME?,E10000007,West Midlands,County,,
DEB,Derbyshire Dales District Council,Y,30/05/2019,Link,No,No,"Yes ""Natural habitats, wildlife and biodiversity are in peril, not only from climate change, but they are being adversely affected by human intervention""",Yes,2030.0,None,,#NAME?,E07000035,East Midlands,Non-metropolitan district,DBY,
DRS,Derry City and Strabane District Council,Y,27/06/2019,Link,Yes,No,No,No,2045.0,2045,,#NAME?,N09000005,Northern Ireland,NI district,,
DEV,Devon County Council,Y,21/02/2019,Link,No,"No (turned ""Ecological Emergency"" down as included in terms of reference of CE group)",No - later added to terms of reference of CE group,Yes,2030.0,2050,,#NAME?,E10000008,South West,County,,
DNC,Doncaster Metropolitan Borough Council,Y,19/09/2019,Link,No,"Yes - ""Climate and Biodiversity""","Declared & ""Resolves to put sustainability, biodiversity and carbon reduction at the heart ofthis Council’s agenda""",Yes,2040.0,2040,,#NAME?,E08000017,Yorkshire and The Humber,Metropolitan district,,SCR
DST,Dorset Council,Y,16/05/2019,Link,No,"Yes updated original CE to include ""Climate and Ecological"" Nov 2019",Declared later - Nov 2019,No,2040.0,2050,,#NAME?,E06000059,South West,Unitary authority,,
DOV,Dover District Council,Y,04/11/2019,Link (declaration comes from recommendations of staff report),Yes,No,"Yes - Staff report on CE ""in report highlights biodiversity and actions""",No,2030.0,2050,,#NAME?,E07000108,South East,Non-metropolitan district,KEN,
DUD,Dudley Metropolitan Borough Council,Y,06/07/2020,Link (declaration comes from recommendations of staff report),No,No,No,No,2041.0,2041,,#NAME?,E08000027,West Midlands,Metropolitan district,,WMCA
DGY,Dumfries and Galloway Council,Y,27/06/2019,Link,Yes,No,"Yes ""recognise the importance of our biodiversity and natural environment.""""will incorporate actions on loss of biodiversity and our natural environment;""",No,2025.0,2025,,#NAME?,S12000006,Scotland,Scottish unitary authority,,
DND,Dundee City Council,Y,24/06/2019,Link,No,No,"Yes ""recognised the serious and accelerating environmental faced by climate change and declared a climate emergency""","Yes ""Chief Executive to write to both the UK Government and Scottish Government to seek financial support""",2045.0,2045,,#NAME?,S12000042,Scotland,Scottish unitary authority,,
DUR,Durham County Council,Y,20/02/2019,Link,No,No,"Yes ""Council notes: ""Entire society... looming challenge of ecological breakdown""",Yes,2050.0,2050,,#NAME?,E06000047,North East,Unitary authority,,NECA
EAY,East Ayrshire,N,,,,No,No,,,None,,#NAME?,S12000008,Scotland,Scottish unitary authority,,
ECA,East Cambridgeshire District Council,Y,17/10/2019,Link,No,No,"Yes ""Plan... to protect and enhance biodiversity""",No,2050.0,"2050 ""achieve net-zero carbon emissions by 2050 (or earlier) across both East Cambridgeshire’s and the Council’s operations""",,#NAME?,E07000009,East of England,Non-metropolitan district,CAM,CPCA
EDE,East Devon District Council,Y,24/07/2019,Link,No,No,No,No,2040.0,2050,,#NAME?,E07000040,South West,Non-metropolitan district,DEV,
EDU,East Dunbartonshire,N,,,,No,No,,,None (but is going to set a date),,#NAME?,S12000045,Scotland,Scottish unitary authority,,
EHA,East Hampshire District Council,Y,18/07/2019,Link,No,No,No,No,2050.0,2050,,#NAME?,E07000085,South East,Non-metropolitan district,HAM,
EHE,East Hertfordshire,N,25/07/2019,Link (Climate change motion),No,No,"Yes ""Set up an Environmental and Climate Forum""""very best measures into the Local Plan to minimise any negative impact on the environment""",Yes,2030.0,2030,,#NAME?,E07000242,East of England,Non-metropolitan district,HRT,
ELI,East Lindsey District Council,N,,,,No,No,,2040.0,None,,#NAME?,E07000137,East Midlands,Non-metropolitan district,LIN,
ELN,East Lothian Council,Y,27/08/2019,Link,No,No,No but Ecological emergency recognised as part of plan,"Yes ""lobby, support and work with all relevant agencies""",2045.0,2045 (Not sure they mention county target but is this a Scotland target?),,#NAME?,S12000010,Scotland,Scottish unitary authority,,
ERW,East Renfrewshire Council,Y,13/08/2020,Link,Yes,No,"Yes ""Carbon off-setting measures- for example using nature to take carbon..."" ",No,2040.0,2040,,#NAME?,S12000011,Scotland,Scottish unitary authority,,
ERY,East Riding of Yorkshire Council,Y,24/02/2021,Link,Yes,No,Yes,Yes,2050.0,2050,,#NAME?,E06000011,Yorkshire and The Humber,Unitary authority,,
EST,East Staffordshire District Council,Y,17/08/2020,Link,Yes,No,No,Yes,2040.0,"2040 ""Aspire to""",,#NAME?,E07000193,West Midlands,Non-metropolitan district,STS,
ESK,East Suffolk Council,Y,24/07/2019,Link,No,No,No,"Yes ""work with""Detail letters and resposes from DFT here",2030.0,None,,#NAME?,E07000244,East of England,Non-metropolitan district,SFK,
ESX,East Sussex County Council,Y,15/10/2019,Link,No,No,No,"Yes ""writing to... request funding""",2050.0,None,,#NAME?,E10000011,South East,County,,
EAS,Eastbourne Borough Council,Y,10/07/2019,Link,No,No,No but referenced later,No,2030.0,2030,,#NAME?,E07000061,South East,Non-metropolitan district,ESX,
EAT,Eastleigh Borough Council,Y,18/07/2019,Link,Yes,"Yes ""Climate and Environmental""",Declared,No,2025.0,2030,,#NAME?,E07000086,South East,Non-metropolitan district,HAM,
EDN,Eden District Council,Y,11/07/2019,Link,No,"Yes ""Climate and Ecological""",Declared,Yes,2030.0,2030 (this page throws the borough target in the motion into doubt),,#NAME?,E07000030,,,,
EDH,City of Edinburgh Council,Y,07/02/2019,Link,No,No,No,No,2030.0,2030,,#NAME?,S12000036,Scotland,Scottish unitary authority,,
ELM,Elmbridge Borough Council,Y,17/07/2019,Link,No,No,"Yes ""Council notes: ...and loss of biodiversity, including insects and vital food crop pollinators.""",No,2030.0,None,,#NAME?,E07000207,South East,Non-metropolitan district,SRY,
EPP,Epping Forest District Council,Y,19/09/2019,Link,No,No,No,Yes,2030.0,2030,,#NAME?,E07000072,East of England,Non-metropolitan district,ESS,
EPS,Epsom and Ewell Borough Council,Y,23/07/2019,Link,No,No,No,No,2035.0,None,,#NAME?,E07000208,South East,Non-metropolitan district,SRY,
ERE,Erewash Borough Council,N,10/10/2019,Link (not CE declaration but set targets and actions),No,No,"Yes ""Seek to increase the number and size of land designated as nature reserves and improve and create habitats to support insect life including bees""",Yes,2050.0,2050,,#NAME?,E07000036,East Midlands,Non-metropolitan district,DBY,
ESS,Essex County Council,N,,,,No,No,No,2030.0,None,,#NAME?,E10000012,East of England,County,,
EXE,Exeter City Council,Y,23/07/2019,Link,No,No,"Yes ""Exeter City Council recognises the connected biodiversity crisis""",No,2022.0,2030,,#NAME?,E07000041,South West,Non-metropolitan district,DEV,
FAL,Falkirk Council,Y,26/08/2019,Link,Yes,No,"Yes ""noted the focus on increasing Biodiversity""",No,2030.0,2045 (2030 is only for a singular town - Grangemouth,,#NAME?,S12000014,Scotland,Scottish unitary authority,,
FAR,Fareham Borough Council,Y,24/10/2019,Link,No,No,No,Yes,2030.0,None,,#NAME?,E07000087,South East,Non-metropolitan district,HAM,
FEN,Fenland District Council,N,,,,No,No,,,None,,#NAME?,E07000010,East of England,Non-metropolitan district,CAM,CPCA
FMO,Fermanagh and Omagh District Council,Y,02/07/2019,Link,No,No,No,No,,None,,#NAME?,N09000006,Northern Ireland,NI district,,
FIF,Fife Council,Y,26/09/2019,Link (broken - minutes being transferred to new system),Yes,No,No,? - minutes not online as transferring to new system,2045.0,2045,,#NAME?,S12000047,Scotland,Scottish unitary authority,,
SHE,Folkestone and Hythe District Council,Y,24/07/2019,Link,No,No (but later referred to it as Climate and Ecological emergency),No - but later referred to as declared,Yes,2030.0,None,,#NAME?,E07000112,South East,Non-metropolitan district,KEN,
FOE,Forest of Dean District Council,Y,06/12/2018,Link,No,No,No,Yes,2030.0,2030,,#NAME?,E07000080,South West,Non-metropolitan district,GLS,
FYL,Fylde Borough Council,N,,,,No,No,,,None,,#NAME?,E07000119,North West,Non-metropolitan district,LAN,
GAT,Gateshead Metropolitan Borough Council,Y,23/05/2019,Link,No,No,No,Yes,2030.0,None,,#NAME?,E08000037,North East,Metropolitan district,,NECA
GED,Gedling Borough Council,Y,20/11/2019,Link,No,No,"Yes - preamble ""species loss and extinction""",Yes,2030.0,2030,,#NAME?,E07000173,East Midlands,Non-metropolitan district,NTT,
GLO,Gloucester City Council,Y,11/07/2019,Link,No,No,No,Yes,2030.0,2050,,#NAME?,E07000081,South West,Non-metropolitan district,GLS,
GLS,Gloucestershire County Council,Y,15/05/2019,Link,No,No,No,Yes,2030.0,2050 (and deliver a carbon neutral county by 2050),,#NAME?,E10000013,South West,County,,
GOS,Gosport Borough Council,N,,,,No,No,,2050.0,None,,#NAME?,E07000088,South East,Non-metropolitan district,HAM,
GRA,Gravesham Borough Council,Y,26/06/2019,Link,No,No,No,Yes,2030.0,2030 (prepare for the borough to be carbon neutral),,#NAME?,E07000109,South East,Non-metropolitan district,KEN,
GRY,Great Yarmouth Borough Council,N,,,,No,No,,,None,,#NAME?,E07000145,East of England,Non-metropolitan district,NFK,
GMCA,Greater Manchester Combined Authority,Y,26/07/2019,Link,Yes,No,No,"Yes ""GM Mayor write to""",2038.0,2038,,#NAME?,E47000001,North West,Combined authority,,
GRT,Guildford Borough Council,Y,23/07/2019,Link,No,No,No,Yes,2030.0,2030,,#NAME?,E07000209,South East,Non-metropolitan district,SRY,
GWN,Gwynedd Council,Y,07/03/2019,Link,No,No,"Yes ""Gwynedd's landscape presents many opportunities for... biodiversity regeneration"" ",Yes - Welsh and UK governments,2030.0,None,,#NAME?,W06000002,Wales,Welsh unitary authority,,
HAL,Halton Borough Council,Y,16/10/2019,Link,No,No,No,Yes,,None,,#NAME?,E06000006,North West,Unitary authority,,LCR
HAE,Hambleton District Council,Y,14/12/2021,Link,No,No,No,No,2034.0,2034,,https://democracy.hambleton.gov.uk/ieListDocuments.aspx?CId=151&MId=1985,E07000164,,,,
HAM,Hampshire County Council,Y,17/06/2019,Link,No,No,No,No,2050.0,2050,,#NAME?,E10000014,South East,County,,
HAO,Harborough District Council,Y,24/06/2019,Link,No,No,No,Yes - later,2030.0,None,,#NAME?,E07000131,East Midlands,Non-metropolitan district,LEC,
HAR,Harlow District Council,Y,11/07/2019,Link,No,No,"Yes ""Create a program of new tree and hedgerow planting""",No,,None,,#NAME?,E07000073,East of England,Non-metropolitan district,ESS,
HAG,Harrogate Borough Council,Y*,10/04/2019,Link,No,No,No,"Yes - but very specific ""Lobbying government to bring in a new ‘green council support grant’""",2038.0,"None (? ""2038 net zero carbon economy"")","*""The council supports measures to address the climate emergency""",#NAME?,E07000165,,,,
HAT,Hart District Council,Y*,01/09/2019,Link,Yes - Reference to 'Adaptation Action Plan' 2/2020,No,No ,No,2040.0,None,"*""This Plan is the Councils response to the declaration of a national Climate Change emergency in May 2019""",#NAME?,E07000089,South East,Non-metropolitan district,HAM,
HPL,Hartlepool Borough Council,N,,,,No,No,,,None,,#NAME?,E06000001,North East,Unitary authority,,TVCA
HAS,Hastings Borough Council,Y,13/02/2019,Link,Yes,No,"Yes ""Ensure council land is maintained in a way that maximises species diversity and mitigates species extinction;""","Yes - but very specific ""press for a properly co-ordinated national EV charging network""",2030.0,2030,,#NAME?,E07000062,South East,Non-metropolitan district,ESX,
HAA,Havant Borough Council,N,,,,No,No,,,None,,#NAME?,E07000090,South East,Non-metropolitan district,HAM,
HEF,Herefordshire Council,Y,08/03/2019,Link,No,"No, but have referenced it as ""Climate and Ecological"" after",No,No,2030.0,None (not a clear target but this page mentions working towards 2030 as a county),,#NAME?,E06000019,West Midlands,Unitary authority,,
HRT,Hertfordshire County Council,Y,16/07/2019,Link,No,No,No,No,2030.0,2050,,#NAME?,E10000015,East of England,County,,
HER,Hertsmere Borough Council,Y,18/09/2019,Link,Yes,No,No,No,2050.0,None,,#NAME?,E07000098,East of England,Non-metropolitan district,HRT,
HIG,High Peak Borough Council,Y,15/10/2019,Link,No,No,"Yes - ""Work to mitigate the biodiversity crisis in its actions across the Borough""",Yes,2038.0,2038? - really unsure if this applies to just council emissions or the whole area. I would assume only council,,#NAME?,E07000037,East Midlands,Non-metropolitan district,DBY,
HIN,Hinckley and Bosworth Borough Council,Y,16/07/2019,Link,No,No,No,Yes,2030.0,"None (2030 - ""promoting community, public, business and other council partnerships to achieve this carbon neutral 2030"")",,#NAME?,E07000132,East Midlands,Non-metropolitan district,LEC,
HOR,Horsham District Council,Y,26/06/2019,Link,No,No,"Yes - ""and biodiversity loss and we support action to tackle these matters.""",No,2050.0,None,,#NAME?,E07000227,South East,Non-metropolitan district,WSX,
KHL,Hull City Council,Y,21/03/2019,Link,Yes,No,Not in CE declaration but referenced after,Yes,2030.0,2030,,#NAME?,E06000010,Yorkshire and The Humber,Unitary authority,,
HUN,Huntingdonshire District Council,N,,,,No,No,,,None,,#NAME?,E07000011,East of England,Non-metropolitan district,CAM,CPCA
HYN,Hyndburn Borough Council,Y,19/09/2019,Link,No,No,No,Yes,2030.0,"2030 ""entire area zero carbon within the same timescale.""",,#NAME?,E07000120,North West,Non-metropolitan district,LAN,
IPS,Ipswich Borough Council,Y,09/07/2019,Link,No,No,No,Yes,2030.0,None,,#NAME?,E07000202,East of England,Non-metropolitan district,SFK,
AGY,Isle of Anglesey County Council,Y,08/09/2020,Link,No,No,No,No,2030.0,None,,#NAME?,W06000001,Wales,Welsh unitary authority,,
IOW,Isle of Wight,Y,24/07/2019,Link,No,No,No,Yes,2030.0,2030,,#NAME?,E06000046,South East,Unitary authority,,
IOS,Isles of Scilly Council,Y,11/04/2019,Link,No,No,"Yes ""Climate change provides significant risk to the community and biodioversity of the Isles of Scilly""",Yes,2030.0,None,,#NAME?,E06000053,South West,Unitary authority,,
KEN,Kent County Council,Y,23/05/2019,Link,Yes,"Yes ""Environment and Climate""",Declared,"No ""continue to work with central government""",2030.0,2050,,#NAME?,E10000016,South East,County,,
,Kettering Borough Council (defunct council),Y,24/07/2019,Link,No,No,No,No,2030.0,2030,,#NAME?,,,,,
KIN,King's Lynn and West Norfolk BoroughCouncil,Y,04/02/2020,Link (fully recognised climate crisis),No,No,No,No,,None,,#NAME?,E07000146,East of England,Non-metropolitan district,NFK,
KIR,Kirklees Council,Y,16/01/2019,Link,No,No,"Yes ""extinctions of plant, insect and animal species""","Yes ""write to Minister of State for Climate Change""",2038.0,2038,,#NAME?,E08000034,Yorkshire and The Humber,Metropolitan district,,WYCA
KWL,Knowsley Metropolitan Borough Council,Y,29/01/2020,Link,No,No,No,Yes ,2040.0,None,,#NAME?,E08000011,North West,Metropolitan district,,LCR
LAN,Lancashire County Council,Y,28/02/2019,Link,Yes,No,No,Yes,2030.0,None,,#NAME?,E10000017,North West,County,,
LAC,Lancaster City Council,Y,30/01/2019,Link,Yes,No,No,Yes,2030.0,"2030 ""District Zero Carbon within the same timescale;""",,#NAME?,E07000121,North West,Non-metropolitan district,LAN,
LDS,Leeds City Council,Y,27/03/2019,Link,No,No,No,Yes,2030.0,2030,,#NAME?,E08000035,Yorkshire and The Humber,Metropolitan district,,WYCA
LCE,Leicester City Council,Y,01/02/2019,Link,No,No,No,No,2030.0,"2030 ""Agreement goal, our ambition is for Leicester to become ‘carbon neutral’ by 2030 or sooner. This means reducing the city’s and the council’s CO2 emissions to nearly zero",,#NAME?,E06000016,East Midlands,Unitary authority,,
LEC,Leicestershire County Council,Y,15/05/2019,Link,No,No,No,Yes,2030.0,None,,#NAME?,E10000018,East Midlands,County,,
LEE,Lewes District Council,Y,15/07/2019,Link,Yes,No,No,Yes,2030.0,2030,,#NAME?,E07000063,South East,Non-metropolitan district,ESX,
LIF,Lichfield District Council,Y,10/12/2019,Link,No,No,No,No,,"None - Unsure as in CE declaration it states: ""Support the Government’s target of Net Zero Carbon Emission by 2050""",,#NAME?,E07000194,West Midlands,Non-metropolitan district,STS,
LIC,City of Lincoln Council,Y,23/07/2019,Link,No,"Yes - ""Climate and Environment""",Declared,Yes,2030.0,2030,,#NAME?,E07000138,East Midlands,Non-metropolitan district,LIN,
LIN,Lincolnshire County Council,N,,,,No,No,,2050.0,None,,#NAME?,E10000019,Yorkshire and The Humber,County,,
LIV,Liverpool City Council,Y,17/07/2019,Link,Yes,No,"""City leaders can and need to make changes to... biodiversity policy""","Yes ""seek an urgent meeting with the Secretary of State for the Environment... to present Liverpool’s concerns and ideas raised by the dedicated Climate Change Council""",2030.0,2030,,#NAME?,E08000012,North West,Metropolitan district,,LCR
LCR,Liverpool City Region Combined Authority,Y,28/04/2019,"Link (not possible to find minutes of the motion, just Mayors discussing it etc.)",No,No,No,No,2040.0,2040,,#NAME?,E47000004,North West,Combined authority,,
BDG,London Borough of Barking and Dagenham,Y,30/01/2020,Link,Yes,No,"Yes ""environmental implications""",Yes,2030.0,2030,,#NAME?,E09000002,London,London borough,,GLA
BNE,London Borough of Barnet,Y,24/05/2022,Link,No,No,No,No,,None,,https://www.barnet.gov.uk/news/new-leader-barnet-council-appointed-declares-immediate-climate-emergency,E09000003,London,London borough,,GLA
BEX,London Borough of Bexley,N,,,,No,No,No,,None,,#NAME?,E09000004,London,London borough,,GLA
BEN,London Borough of Brent,Y,08/07/2019,Link,No,"Yes ""Climate and Ecological""",Declared,Yes,2030.0,None,,#NAME?,E09000005,London,London borough,,GLA
CMD,London Borough of Camden,Y,08/04/2019,Link (full declaration on slide 3),No,"Yes ""Climate and Ecological""","Declared - and also commits to ""produce a new ecological plan""",Yes,2030.0,2030,,#NAME?,E09000007,London,London borough,,GLA
CRY,London Borough of Croydon,Y,15/07/2019,Link (report recommendations here),No,"Yes ""Climate and Ecological""",Declared,Yes,2030.0,2030,,#NAME?,E09000008,London,London borough,,GLA
EAL,London Borough of Ealing,Y,02/04/2019,Link,No,No (but later said it was included),Later did so,Yes,2030.0,2030,,#NAME?,E09000009,London,London borough,,GLA
ENF,London Borough of Enfield,Y,08/07/2019,Link,Yes,No,"Yes in preamble ""danger to people and biodiversity from climate change.""",No,2030.0,2040,,#NAME?,E09000010,London,London borough,,GLA
HCK,London Borough of Hackney,Y,28/06/2019,Link,No,No,No,"Yes and ""Actively campaign to change national policy where failure to tackle the challenge of heating our homes without fossil fuels, fossil fuel subsidies, insufficient carbon taxation, road-building, and airports expansion, for example, has actively undermined decarbonisation and promoted unsustainable growth.""",2040.0,None,,#NAME?,E09000012,London,London borough,,GLA
HMF,London Borough of Hammersmith and Fulham,Y,17/07/2019,Link,No,Yes (Climate and Biodiversity),Yes,"Yes ""chancellor of exchequer""",2030.0,2030,,#NAME?,E09000013,London,London borough,,GLA
HRY,London Borough of Haringey,Y,18/03/2019,Link,No,No,Nobut later added to plan objectives,Yes,2030.0,2041,,#NAME?,E09000014,London,London borough,,GLA
HRW,London Borough of Harrow,Y,18/07/2019,Link,No,No,"Later noted 19/03/20 to add on to CE ""(3)          the wider ecological implications of the human-induced changes that were occurring to our climate be noted;""",Yes,2030.0,2030,,#NAME?,E09000015,London,London borough,,GLA
HAV,London Borough of Havering,N,,,,No,No,No,,None,,#NAME?,E09000016,London,London borough,,GLA
HIL,London Borough of Hillingdon,Y,16/01/2020,Link,No,No,No,No,2030.0,None,,#NAME?,E09000017,London,London borough,,GLA
HNS,London Borough of Hounslow,Y,,Link,Yes,No,No,"Yes ""c) Start a year of Environmental Action, including lobbying for the appropriate powers and funding for local and regional governments to achieve ambitious net-zero targets such as 2030.”",2030.0,None,,#NAME?,E09000018,London,London borough,,GLA
ISL,London Borough of Islington,Y,27/06/2019,Link,No,"Yes ""environment and climate emergency""",Declared,"Yes ""make representations""",2030.0,2030,,#NAME?,E09000019,London,London borough,,GLA
LBH,London Borough of Lambeth,Y,23/01/2019,Link,Yes,"No - but they say they did in this motion ""first London borough to declare a climate and ecological emergency "" and have ""recognised climate, ecological and social emergencies are inextricably linked"" in same motion.",No,Yes,2030.0,"None (2030 - Pledge to work to make the Borough of Lambeth carbon neutral by 2030"") but this is not mentioned anywhere else",,#NAME?,E09000022,London,London borough,,GLA
LEW,London Borough of Lewisham,Y,27/02/2019,Link,Yes,No,"Yes ""recognise... changing climate will have severe and enduring... environmental implications""",Yes,2030.0,2030,,#NAME?,E09000023,London,London borough,,GLA
MRT,London Borough of Merton,Y,10/07/2019,Link,No,No,No,No,2030.0,2050,,#NAME?,E09000024,London,London borough,,GLA
NWM,London Borough of Newham,Y,15/04/2019,Link,No,"No but ""climate and health emergency""",No,Yes,2030.0,2030 (carbon zero 2050),,#NAME?,E09000025,London,London borough,,GLA
RDB,London Borough of Redbridge,Y,20/06/2019,Link,No,No,"Yes ""9. Improve biodiversity and carbon storage (e.g. tree planting)""",No,2030.0,2050,,#NAME?,E09000026,London,London borough,,GLA
RIC,London Borough of Richmond Upon Thames,Y,09/07/2019,Link,Yes,No,No,No,2030.0,None,,#NAME?,E09000027,London,London borough,,GLA
SWK,London Borough of Southwark,Y,27/03/2019,Link,No,No,"Yes ""Protecting Southwark’s biodiversity""","Yes ""lobby""",2030.0,2030,,#NAME?,E09000028,London,London borough,,GLA
STN,London Borough of Sutton,Y,22/07/2019,Link,No,Not in motion (although they say they did),"Yes ""harmful effect climate change is having on ecosystems""",Yes,,2030 (2045),,#NAME?,E09000029,London,London borough,,GLA
TWH,London Borough of Tower Hamlets,Y,17/07/2019,Link (Technically Mayor declared a climate emergency in March 2019 but Council followed up with motion to spell out commitments),No,No,No,Yes,2025.0,2050,,#NAME?,E09000030,London,London borough,,GLA
WFT,London Borough of Waltham Forest,Y,25/04/2019,Link,No,No,No,Yes,,None (Unclear as Climate Commission report mentions 2030 target but Council website does not mention a net zero target),,#NAME?,E09000031,London,London borough,,GLA
WND,London Borough of Wandsworth,Y,17/07/2019,Link,No,No,No,No,2030.0,2050,,#NAME?,E09000032,London,London borough,,GLA
LUT,Luton Borough Council,Y,13/01/2020,Link,No,No,"Yes - goal is ""Luton Council is... championing biodiversity.""",Yes,2040.0,2040,,#NAME?,E06000032,East of England,Unitary authority,,
MAI,Maidstone Borough Council,Y,10/04/2019,Link,No,"Yes ""global climate and biodiversity emergencies""",Declared.,"Yes ""write to Chancellor of Exchequer... funding be made available""",2030.0,2030,,#NAME?,E07000110,South East,Non-metropolitan district,KEN,
MAL,Maldon District Council,Y,04/02/2021,Link (approved here),No,No,No,No,2030.0,2030 (within same timescale),,#NAME?,E07000074,East of England,Non-metropolitan district,ESS,
MAV,Malvern Hills District Council,Y,23/07/2019,Link,No,No,No,"Yes ""urgent representations""",2030.0,2050,,#NAME?,E07000235,West Midlands,Non-metropolitan district,WOR,
MAN,Manchester City Council,Y,10/07/2019,Link,No,No,"Yes ""Make climate breakdown and the environment, an integral part of activity""",Yes,2038.0,2038,,#NAME?,E08000003,North West,Metropolitan district,,GMCA
MAS,Mansfield District Council,Y,05/03/2019,Link,No,No,No,Yes,2040.0,2040,,#NAME?,E07000174,East Midlands,Non-metropolitan district,NTT,
MDW,Medway Council,Y,25/04/2019,Link,No,No,"Yes ""extinctions of plant, insect and animal species""","Yes ""write to Chancellor of Exchequer... funding be made available""Noted they wrote ",,2050 (Approved the Kent and Medway low-emission strategy),,#NAME?,E06000035,South East,Unitary authority,,
MEL,Melton Borough Council,Y,17/07/2019,Link,No,No,No,No,2030.0,None,,#NAME?,E07000133,East Midlands,Non-metropolitan district,LEC,
MEN,Mendip District Council,Y,25/02/2019,Link,No,No - (Although they said they declared Climate and ecological Emergency),No,Yes,2030.0,2030,,#NAME?,E07000187,,,,
LBC,Lisburn and Castlereagh City Council,,28/09/2021,https://www.lisburncastlereagh.gov.uk/uploads/minutes/MM_28.09.2021_-_WEBSITE_Agenda_+_Reports.pdf,,,,,,,,,N09000007,Northern Ireland,NI district,,
MEA,Mid and East Antrim Borough Council,Y,09/09/2019,Link,No,No,No,No,,None,,#NAME?,N09000008,Northern Ireland,NI district,,
MDE,Mid Devon District Council,Y,26/06/2019,Link,No,No,"Yes ""This council is significantly concerned that the environmental crises must be a priority.""",Yes,2030.0,2030,,#NAME?,E07000042,South West,Non-metropolitan district,DEV,
MSU,Mid Suffolk District Council,Y,25/07/2019,Link,No,"Yes - separate ""Biodiversity Emergency"", 25/07/19 ",Declared,"Yes ""work with""",2030.0,2030,,#NAME?,E07000203,East of England,Non-metropolitan district,SFK,
MSS,Mid Sussex District Council,N,,,,No,No,No,,None,,#NAME?,E07000228,South East,Non-metropolitan district,WSX,
MDB,Middlesbrough Borough Council,Y,04/09/2019,Link,No,No,No,Yes,2029.0,2039,,#NAME?,E06000002,North East,Unitary authority,,TVCA
MLN,Midlothian Council,Y,17/12/2019,Link,No,No,"Yes ""Request that Council Scrutiny Panels consider the impact of climate change and the environment when reviewing Council policies and strategies;""",Yes,2030.0,2030 (within same timeframe) but does not seem to mention whole borough target in strategy,,#NAME?,S12000019,Scotland,Scottish unitary authority,,
MIK,Milton Keynes,Y,23/01/2019,Link,No,No,"Yes ""clean air and biodiversity are key to a sustainable city""",Yes,2030.0,2030 (carbon negative by 2050),,#NAME?,E06000042,South East,Unitary authority,,
MOL,Mole Valley District Council,Y,18/06/2019,Link,No,No,"Yes ""increasingly erratic climate and biodiversity loss.""And action point ""make a positively beneficial impact on the environment and biodiversity in the District.""",Yes,2030.0,None,,#NAME?,E07000210,South East,Non-metropolitan district,SRY,
MON,Monmouthshire County Council,Y,16/05/2019,Link,No,No,No,No,2030.0,None,,#NAME?,W06000021,Wales,Welsh unitary authority,,
NTL,Neath Port Talbot County Borough Council,Y,28/09/2022,Link,No,No,No,Yes,2030.0,None,,https://www.npt.gov.uk/1410?pr_id=7103,W06000012,Wales,Welsh unitary authority,,
NEW,New Forest District Council,Y,06/11/2021,Link,,Yes,"Yes ""We have a strong track record in our sustainability and environment stewardship. We have engaged in climate change actions for many years and, through policies and activities, have made the district more resilient, reduced carbon emissions, created space for nature, and provided the infrastructure to enable others to make choices that reduce emissions. Going forward, we will be taking more actions in every area of our day-to-day activities, in our operations, our civic buildings and depots, improving our natural environment to support nature recovery, as well as gaining a better understanding and measurement of what the issues are and what our actions are achieving.A Sustainability Advisory Member Panel will now set actions to address the climate and nature emergency and will present a report to full Council in February 2022. ",No,2050.0,None,,#NAME?,E07000091,South East,Non-metropolitan district,HAM,
NEA,Newark and Sherwood District Council,Y,16/07/2019,Link,No,No,"Yes, ""extinctions of plant, insect and animal species""",Yes,2035.0,None,,#NAME?,E07000175,East Midlands,Non-metropolitan district,NTT,
NEC,Newcastle-Under-Lyme Borough Council,Y,03/04/2019,Link,Yes,No,No,Yes,2030.0,2030,,#NAME?,E07000195,West Midlands,Non-metropolitan district,STS,
NET,Newcastle-upon-Tyne City Council,Y,03/04/2019,Link,No,No,No,Yes,2030.0,2030,,#NAME?,E08000021,North East,Metropolitan district,,NTCA
NWP,Newport City Council,Y,23/11/2021,Link,Yes,Yes,No,No,2030.0,2050,,#NAME?,W06000022,Wales,Welsh unitary authority,,
NMD,"Newry, Mourne and Down District Council",Y,07/10/2019,Link,No,No,No,No,,None,,#NAME?,N09000010,Northern Ireland,NI district,,
NFK,Norfolk County Council,N,,,,No,No,,,None,,#NAME?,E10000020,East of England,County,,
NAY,North Ayrshire Council,Y,25/06/2019,Link,No,No,No,No,2030.0,2030,,#NAME?,S12000021,Scotland,Scottish unitary authority,,
NDE,North Devon Council,Y,24/07/2019,Link,No,Yes - climate and biodiversity emergency,Declared,Yes,2030.0,2030,,#NAME?,E07000043,South West,Non-metropolitan district,DEV,
NECA,North East Combined Authority,Y,05/11/2019,Link,No,No,"Yes ""catastrophic social and ecological impacts""",Yes,,None,,#NAME?,E47000010,North East,Combined authority,,
NED,North East Derbyshire District Council,Y,08/07/2019,Link,No,"Yes, Climate and Ecological emergency","Declared and this point in motion ""protect and enhance our natural environment, stimulate biodiversity and nurture our wildlife and pollinators.""",No,2030.0,None,,#NAME?,E07000038,East Midlands,Non-metropolitan district,DBY,
NEL,North East Lincolnshire Council,Y,19/09/2019,Link (need to check link with other people - had to request minutes),No,No,No,No,2050.0,None,,#NAME?,E06000012,Yorkshire and The Humber,Unitary authority,,
NHE,North Hertfordshire District Council,Y,21/05/2019,Link,No,No,No,Yes,2030.0,2030,,#NAME?,E07000099,East of England,Non-metropolitan district,HRT,
NKE,North Kesteven District Council,Y,11/07/2019,Link,No,No,No,Yes,2030.0,2030,,#NAME?,E07000139,East Midlands,Non-metropolitan district,LIN,
NLK,North Lanarkshire,Y,20/06/2019,Link,No,No,No,No,2030.0,2045,,#NAME?,S12000050,Scotland,Scottish unitary authority,,
NLN,North Lincolnshire Council,N,,,,No,No,No,,None,,#NAME?,E06000013,Yorkshire and The Humber,Unitary authority,,
NNO,North Norfolk District Council,Y,24/04/2019,Link,No,No,No,No,2030.0,None,,#NAME?,E07000147,East of England,Non-metropolitan district,NFK,
NNT,North Northamptonshire,Y,28/07/2021,Link,No,Yes (environment emergency),Yes (Environment,"No - inform MPs, government of the commitment",2030.0,2050,,#NAME?,E06000061,East Midlands,Unitary authority,,
NTCA,North of Tyne Combined Authority,Y,07/05/2019,Link,No,No,No,Yes,2050.0,2050,,https://www.chroniclelive.co.uk/news/north-east-news/new-north-tyne-mayor-jamie-16239760,E47000011,North East,Combined authority,,
NSM,North Somerset Council,Y,19/02/2019,Link,No,"Yes - ""Ecological emergency"" separate (Nov 2020)",Declared,Yes,2030.0,2030,,#NAME?,E06000024,South West,Unitary authority,,
NTY,North Tyneside,Y,25/07/2019,Link,No,No,No,Yes,2030.0,2030,,https://democracy.northtyneside.gov.uk/documents/s14850/Carbon%20Net%20Zero%202030_Action%20Plan-Appendix%201.pdf,E08000022,North East,Metropolitan district,,NTCA
NWA,North Warwickshire Borough Council,Y,22/10/2019,Link,No,No,No,No,,None,,#NAME?,E07000218,West Midlands,Non-metropolitan district,WAR,
NWL,North West Leicestershire District Council,Y,25/06/2019,Link,No,No,No,Yes,2030.0,2050,,#NAME?,E07000134,East Midlands,Non-metropolitan district,LEC,
NYK,North Yorkshire County Council,N,,Link,,No,No,No,2030.0,None,,#NAME?,E10000023,,,,
NBL,Northumberland County Council,Y,11/06/2019,Link,No,No,No,"Yes, ""Work with the government""",2030.0,2030,,#NAME?,E06000057,North East,Unitary authority,,NTCA
NOW,Norwich City Council,"Y ""recognise""",29/01/2019,Link,No,Not officially declared but passed a separate Biodiversity emergency motion on Sept 24th 2019,Yes on Sept 24th 2019.,Yes,2030.0,2050,,#NAME?,E07000148,East of England,Non-metropolitan district,NFK,
NGM,Nottingham City Council,Y,21/01/2019,Link,No,"Yes ""climate and ecological emergency""",Declared,No,2028.0,2028,,#NAME?,E06000018,East Midlands,Unitary authority,,
NTT,Nottinghamshire County Council,Y,27/05/2021,Link,None,No,No,No,2030.0,None,,#NAME?,E10000024,East Midlands,County,,
NUN,Nuneaton and Bedworth Borough Council,Y,04/12/2019,Link,No,No,No,Yes,2030.0,None,,#NAME?,E07000219,West Midlands,Non-metropolitan district,WAR,
OAD,Oadby and Wigston Borough Council,N,,,,No,No,No,,None,,#NAME?,E07000135,East Midlands,Non-metropolitan district,LEC,
OLD,Oldham Metropolitan Borough Council,Y,11/09/2019,Link,No,No,"Yes ""harmful effects climate change has on... natural habitats and eco-systems.""",Yes,2025.0,2030,,#NAME?,E08000004,North West,Metropolitan district,,GMCA
ORK,Orkney Islands Council,Y,14/05/2019,Link,No,No,No,No,2045.0,2045,,#NAME?,S12000023,Scotland,Scottish unitary authority,,
OXO,Oxford City Council,Y,28/01/2019,Link,No,No,No,Yes,2030.0,2040,,#NAME?,E07000178,South East,Non-metropolitan district,OXF,
OXF,Oxfordshire County Council,"Y - ""Acknowledge not declared""",02/04/2019,Link,No,No,No,Yes,2030.0,"2050 ""enable a net-zero""",,#NAME?,E10000025,South East,County,,
PEM,Pembrokeshire County Council,Y,09/05/2019,Link,No,No,No,Yes - Welsh and UK governments,2030.0,2050 (I cannot find this target date mentioned),,#NAME?,W06000009,Wales,Welsh unitary authority,,
PEN,Pendle Borough Council,Y,11/07/2019,Link,No,No,"Yes - references ""climate and environmental emergency"" in preamble",No,2030.0,2030,,#NAME?,E07000122,North West,Non-metropolitan district,LAN,
PKN,Perth and Kinross Council,N - motion in support of Scottish and UK governments and to do more,19/06/2019,Link,No,No,No,No,2045.0,2045,,#NAME?,S12000048,Scotland,Scottish unitary authority,,
PTE,Peterborough City Council,Y,24/07/2019,Link,No,No,No,Yes,2030.0,2030,,#NAME?,E06000031,East of England,Unitary authority,,CPCA
PLY,Plymouth City Council,Y,18/03/2019,Link,No,No,No,Yes,2030.0,2030,,#NAME?,E06000026,South West,Unitary authority,,
POR,Portsmouth City Council,Y,19/03/2019,Link,No,No,No,Yes,2030.0,2030,,#NAME?,E06000044,South East,Unitary authority,,
POW,Powys County Council,Y,30/07/2020,Link,No,No,No,Yes - Welsh and UK governments,2030.0,2050,,#NAME?,W06000023,Wales,Welsh unitary authority,,
PRE,Preston City Council,Y,18/04/2019,Link,No,No,No,Yes,2030.0,2030,,#NAME?,E07000123,North West,Non-metropolitan district,LAN,
RDG,Reading Borough Council,Y,26/02/2019,Link,No,No,No,Yes - specific list of actions,2030.0,2030,,#NAME?,E06000038,South East,Unitary authority,,
RCC,Redcar and Cleveland Borough Council,Y,28/03/2019,Link,No,No,Yes,No,2030.0,2030,,#NAME?,E06000003,North East,Unitary authority,,TVCA
RED,Redditch Borough Council,Y,23/09/2019,Link,No,No,No,No,,None,,#NAME?,E07000236,West Midlands,Non-metropolitan district,WOR,
REI,Reigate and Banstead Borough Council,N,,,,No,No,No,,2050,,#NAME?,E07000211,South East,Non-metropolitan district,SRY,
RFW,Renfrewshire Council,Y,27/06/2019,Link,Yes,Yes - climate and environment emergency,Declared,No,2030.0,2030,,#NAME?,S12000038,Scotland,Scottish unitary authority,,
RIB,Ribble Valley Borough Council,N,,,,No,No,,,2030 (aim in the corporate strategy),,#NAME?,E07000124,North West,Non-metropolitan district,LAN,
RIH,Richmondshire District Council,Y,23/07/2019,Link,No,No - (Although in their plan they said they did),"Yes - ""the health of ecosystems on which we depend is deteriorating more rapidly""",Yes,2030.0,2030 (this is not mentioned on relevant Council page and missing from plan),,#NAME?,E07000166,,,,
RCH,Rochdale Metropolitan Borough Council,Y,17/07/2019,Link,No,No,No,No,2038.0,2038,,#NAME?,E08000005,North West,Metropolitan district,,GMCA
ROC,Rochford District Council,N,,,,No,No,No,2030.0,None,,#NAME?,E07000075,East of England,Non-metropolitan district,ESS,
ROS,Rossendale Borough Council,Y,25/09/2019,Link,No,No,No,"Yes - ""write""",2030.0,None,,#NAME?,E07000125,North West,Non-metropolitan district,LAN,
ROH,Rother District Council,Y,16/09/2019,Link,No,No,NoAlthough will be addressed in Local Plan review,Yes,2030.0,2030,,#NAME?,E07000064,South East,Non-metropolitan district,ESX,
ROT,Rotherham Metropolitan Borough Council,Y,30/10/2019,Link,Yes,No,No,Yes,2030.0,2040,,#NAME?,E08000018,Yorkshire and The Humber,Metropolitan district,,SCR
GRE,Royal Borough of Greenwich,Y,26/06/2019,Link,No,No,No,Yes - lobby,2030.0,2030,,#NAME?,E09000011,London,London borough,,GLA
KEC,Royal Borough of Kensington and Chelsea,Y,01/10/2019,Link,No,Yes - climate and environment emergency,Declared,No - Call on Mayor of London for electric buses,2030.0,2040,,#NAME?,E09000020,London,London borough,,GLA
KTT,Royal Borough of Kingston upon Thames,Y,25/06/2019,Link,No,No,Reference in minutes rather than motion,Yes,2038.0,2038,,#NAME?,E09000021,London,London borough,,GLA
WNM,Royal Borough of Windsor and Maidenhead,Y,26/06/2019,Link,No,"Yes, environment and climate emergency",Declared,Yes,2050.0,2050,,#NAME?,E06000040,South East,Unitary authority,,
RUG,Rugby Borough Council,Y,18/07/2019,Link,No,No,No,"Yes - ""when required, call on""",2030.0,None,,#NAME?,E07000220,West Midlands,Non-metropolitan district,WAR,
RUN,Runnymede Borough Council,Y,17/10/2019,Link,No,No,No,No,,2050 (adopted Surrey Climate Strategy),,#NAME?,E07000212,South East,Non-metropolitan district,SRY,
RUS,Rushcliffe Borough Council,Y,07/03/2019,Link,No,No,No,Yes,2030.0,None,,#NAME?,E07000176,East Midlands,Non-metropolitan district,NTT,
RUH,Rushmoor Borough Council,Y,20/06/2019,Link,No,No,No,No,2030.0,None,,#NAME?,E07000092,South East,Non-metropolitan district,HAM,
RUT,Rutland County Council,N (Climate Change Action Motion),14/10/2019,Link,,No,No,Yes,2050.0,None,,#NAME?,E06000017,East Midlands,Unitary authority,,
RYE,Ryedale District Council,Y,10/10/2019,Link,No,No,No,No,2050.0,2050,,#NAME?,E07000167,,,,
SLF,Salford City Council,Y,17/07/2019,Link,No,No,"Yes ""catastrophic consequences... for the natural world""",Yes,2038.0,2038,,#NAME?,E08000006,North West,Metropolitan district,,GMCA
SAW,Sandwell Metropolitan Borough Council,Y,10/03/2020,Link,No,No,No,No,2041.0,2041,,#NAME?,E08000028,West Midlands,Metropolitan district,,WMCA
SCE,Scarborough Borough Council,Y,07/01/2019,Link,No,No,No,Yes,2030.0,2030,,#NAME?,E07000168,,,,
SCB,Scottish Borders,Y,05/09/2020,Link,Yes,No,Yes,No,2045.0,2045,,#NAME?,S12000026,Scotland,Scottish unitary authority,,
SEG,Sedgemoor District Council,Y,20/03/2019,Link,No,No,No,Yes,2030.0,2030,,#NAME?,E07000188,,,,
SFT,Sefton Metropolitan Borough Council,Y,18/07/2019,Link,No,No,No,Yes,2030.0,None,,#NAME?,E08000014,North West,Metropolitan district,,LCR
SEL,Selby District Council,N - but committment to 2030 target for Council emissions.,,,,No,No,No,2030.0,None,*No declaration but committment to 2030 target for in house emissions.,#NAME?,E07000169,,,,
SEV,Sevenoaks District Council,N,19/10/2019,Not a Climate Emergency motion but Climate Change report that was approved,No,No,No,Yes,2030.0,None,,#NAME?,E07000111,South East,Non-metropolitan district,KEN,
SHF,Sheffield City Council,Y,06/02/2019,Link,Yes,"Yes, Biodiversity and Ecological Emergency (separate - March 2021)",Later declared ,No,2030.0,2030,,#NAME?,E08000019,Yorkshire and The Humber,Metropolitan district,,SCR
SCR,Sheffield City Region combined authority,Y,07/11/2019,Link,No,Yes (Climate and Environmental emergency),Yes,No,2040.0,2040,,#NAME?,E47000002,Yorkshire and The Humber,Combined authority,,
ZET,Shetland Islands Council,Y,22/01/2020,Link,No,No,No,No,2045.0,2045,,#NAME?,S12000027,Scotland,Scottish unitary authority,,
SHR,Shropshire Council,Y,16/05/2019,Link,No,No,"Yes ""climate change... potential impacts on weather systems and biodiversity""","Yes ""Leader to write to Sec of State""",2030.0,"2030 - ""Our vision is for Shropshire Council to become carbon net-neutral by 2030 and assist in the ambition for Shropshire as a whole to become carbon net-neutral in the same year.""",,#NAME?,E06000051,West Midlands,Unitary authority,,
SLG,Slough Borough Council,N (Climate Change motion passed),23/07/2019,Climate Change motion (not Climate Emergency),Yes (Council services),No,No,No,,None,,#NAME?,E06000039,South East,Unitary authority,,
SOL,Solihull Metropolitan Borough Council,Y,08/10/2019,Link,No,No,"Yes, ""problems of climate change, air pollution and reduction of species & biodiversity need to be treated together""",Yes - work with WMCA in seeking from the UK government...,2030.0,2041 (set recently),,#NAME?,E08000029,West Midlands,Metropolitan district,,WMCA
SOM,Somerset County Council,Y,20/02/2019,Link,No,No,No,Yes,2030.0,2030,,#NAME?,E10000027,,,,
SWT,Somerset West and Taunton Council,Y,21/02/2019,Link,Yes,Yes - Ecological Emergency (separate - Oct 2020),"Yes in CE declaration ""greater loss of species and habitats, changing ecosystems""Later declared",Yes,2030.0,2030,,#NAME?,E07000246,,,,
,South Buckinghamshire DistrictCouncil,,,,,,,,,,,#NAME?,,,,,
SCA,South Cambridgeshire District Council,Y,28/11/2019,Link,Yes,No,No,Yes,2050.0,2050,,#NAME?,E07000012,East of England,Non-metropolitan district,CAM,CPCA
SDE,South Derbyshire District Council,Y,27/06/2019,Link,Yes,No,No,Yes,2030.0,None,,#NAME?,E07000039,East Midlands,Non-metropolitan district,DBY,
SGC,South Gloucestershire Council,Y,17/07/2019,Link,No,No - but it is one of the guiding principles for the Action PlanA motion to declare an ecological emergency was withdrawn in December 2020,No,Yes,2030.0,2030,,#NAME?,E06000025,South West,Unitary authority,,WECA
SHA,South Hams District Council,Y,25/07/2019,Link,No,"Yes - ""Climate Change and Biodiversity Emergency""",Declared,No,2030.0,2050,,#NAME?,E07000044,South West,Non-metropolitan district,DEV,
SHO,South Holland District Council,N,,,,No,No,,,None,,#NAME?,E07000140,East Midlands,Non-metropolitan district,LIN,
SKE,South Kesteven District Council,Y,26/09/2019,Link,No,No,No,No,2050.0,None - only focused on organisation,,#NAME?,E07000141,East Midlands,Non-metropolitan district,LIN,
SLA,South Lakeland District Council,Y,26/02/2019,Link,No,No,No,No,2030.0,2037,,#NAME?,E07000031,,,,
SLK,South Lanarkshire,Y,25/09/2019,Link,No,No,No,No,2045.0,2045,,#NAME?,S12000029,Scotland,Scottish unitary authority,,
SNO,South Norfolk District Council,N,,,,No,No,No,,None,,#NAME?,E07000149,East of England,Non-metropolitan district,NFK,
SOX,South Oxfordshire District Council,Y,11/04/2019,Link,No,Yes - separate (Feb 2021),Not in CE declaration but declared separately,Yes,2025.0,2030,,#NAME?,E07000179,South East,Non-metropolitan district,OXF,
SRI,South Ribble Borough Council,Y,24/07/2019,Link,No,No,No,No,2030.0,2030,,#NAME?,E07000126,North West,Non-metropolitan district,LAN,
SSO,South Somerset District Council,Y,21/05/2019,Link,No,Yes (climate and ecological),Declared,No,2030.0,None,,#NAME?,E07000189,,,,
SST,South Staffordshire District Council,Y,10/09/2019,Link,No,No,No,Yes,,None,,#NAME?,E07000196,West Midlands,Non-metropolitan district,STS,
STY,South Tyneside Council,Y,18/07/2019,Link,No,No,No,Yes,2030.0,None,,#NAME?,E08000023,North East,Metropolitan district,,NECA
STH,Southampton City Council,Y,18/09/2019,Link,No,No,No,No,2030.0,None,,#NAME?,E06000045,South East,Unitary authority,,
SOS,Southend-on-Sea Borough Council,Y,18/07/2019,Link,No,No,No,Yes,2030.0,2050,,#NAME?,E06000033,East of England,Unitary authority,,
SPE,Spelthorne Borough Council,Y,14/10/2020,Link,No,No,No,"No ""Write to the Government asking them to confirm what support will be made available to local authorities to help achieve this goal.""",,?,,#NAME?,E07000213,South East,Non-metropolitan district,SRY,
SAL,St Albans City and District Council,Y,09/07/2019,Link,No,No,No,Yes,2030.0,2030,,#NAME?,E07000240,East of England,Non-metropolitan district,HRT,
SHN,St Helens Metropolitan Borough Council,Y,10/06/2019,Link,No,No,No,Yes,2040.0,2040,,#NAME?,E08000013,North West,Metropolitan district,,LCR
STA,Stafford Borough Council,Y,23/07/2019,Link,No,No,No,Yes,2040.0,2040,,#NAME?,E07000197,West Midlands,Non-metropolitan district,STS,
STS,Staffordshire County Council,Y,25/07/2019,Link,No,No,Yes - environmental degradation (UN sustainability goals,Yes,2050.0,None,,#NAME?,E10000028,West Midlands,County,,
STF,Staffordshire Moorlands District Council,Y,10/07/2019,Link,No,No,No,Yes,2030.0,2030,,#NAME?,E07000198,West Midlands,Non-metropolitan district,STS,
STV,Stevenage Borough Council,Y,12/06/2019,Link,No,No,No,Yes - with a very specific list of demands!,2030.0,2030,,#NAME?,E07000243,East of England,Non-metropolitan district,HRT,
STG,Stirling Council,Y,03/10/2019,Link,Yes,Yes 'Climate and Ecological emergency,Declared,No,2045.0,2045,,#NAME?,S12000030,Scotland,Scottish unitary authority,,
SKP,Stockport Metropolitan Borough Council,Y,28/03/2019,Link,No,No,No,Yes,2038.0,2038,,#NAME?,E08000007,North West,Metropolitan district,,GMCA
STT,Stockton-on-Tees Borough Council,N,,,,No,No,No,,None,,#NAME?,E06000004,North East,Unitary authority,,TVCA
STE,Stoke-on-Trent City Council,Y,04/07/2019,Link,No,No,No,Yes,,None,,#NAME?,E06000021,West Midlands,Unitary authority,,
STR,Stratford-on-Avon District Council,Y,15/07/2019,Link,Yes,No (actually turned it down),No,Yes,2030.0,2030,,#NAME?,E07000221,West Midlands,Non-metropolitan district,WAR,
STO,Stroud District Council,Y,13/12/2018,Link,Yes,No,No,No,2030.0,2030,,#NAME?,E07000082,South West,Non-metropolitan district,GLS,
SFK,Suffolk County Council,Y,21/03/2019,Link,No,No,No,"Yes ""work with""",2030.0,Aspiration to make Suffolk county carbon neutral by 2030,,#NAME?,E10000029,East of England,County,,
SND,Sunderland City Council,Y,27/03/2019,Link,No,No,"Yes ""changes in ecosystems""",Yes,2030.0,2040,,#NAME?,E08000024,North East,Metropolitan district,,NECA
SRY,Surrey County Council,Y,09/07/2019,Link,No,No,No,"Yes - ""write to the government asking them to confirm what support will be made available""",2030.0,2050,,#NAME?,E10000030,South East,County,,
SUR,Surrey Heath Borough Council,Y,09/10/2019,Link,No,No,Included in declaration - 'business as usual not an option in the face of the climate and biodiversity emergency'.Theme in Action Plan,No,2030.0,None,,#NAME?,E07000214,South East,Non-metropolitan district,SRY,
SWL,Swale Borough Council,Y,26/06/2019,Link,No,Yes - 'Climate and Ecological Emergency,Declared Also included in action plan. And have separate biodiversity action plan (2016),Yes,2025.0,2030,,#NAME?,E07000113,South East,Non-metropolitan district,KEN,
SWD,Swindon Borough Council,N,,,,No,No,,,None,,#NAME?,E06000030,South West,Unitary authority,,
TAM,Tameside Metropolitan Borough Council,Y,24/02/2020,Link,No,No,No,Yes,2038.0,2038,,#NAME?,E08000008,North West,Metropolitan district,,GMCA
TAW,Tamworth Borough Council,Y,19/10/2019,Link,No,No,No,No,2050.0,None,,#NAME?,E07000199,West Midlands,Non-metropolitan district,STS,
TAN,Tandridge District Council,Y,13/02/2020,Link,No,No,"Yes ""duty to limit the negative impacts of... biodiversity loss"" Also mentioned in Climate Action Plan",No,2030.0,None,,#NAME?,E07000215,South East,Non-metropolitan district,SRY,
TEI,Teignbridge District Council,Y,18/04/2019,Link,No,No,"Yes - not in declaration but state they declared ""environment and climate emergency"" on plans normal page",Yes,2025.0,2030,,#NAME?,E07000045,South West,Non-metropolitan district,DEV,
TFW,Telford & Wrekin Council,Y,25/07/2019,Link,Yes,No,No,Yes,2030.0,None,,#NAME?,E06000020,West Midlands,Unitary authority,,
TEN,Tendring District Council,Y,06/08/2019,Link,No,No,No,Yes,2030.0,None,,#NAME?,E07000076,East of England,Non-metropolitan district,ESS,
TES,Test Valley Borough Council,Y,04/09/2019,Link,No,No,No,No,2050.0,None,,#NAME?,E07000093,South East,Non-metropolitan district,HAM,
TEW,Tewkesbury Borough Council,Y,01/10/2019,Link,No,No,No,Yes,,None,,#NAME?,E07000083,South West,Non-metropolitan district,GLS,
THA,Thanet District Council,Y,11/07/2019,Link,No,"Yes, ""We are recognising a biodiversity or ecological crisis as implicit within the declaration of ‘climate emergency’.""",Yes - clarification came later,Yes,2030.0,None,,#NAME?,E07000114,South East,Non-metropolitan district,KEN,
HLD,The Highland Council,Y,09/05/2019,Link,No,Yes - climate and ecological emergency,Declared,No,2045.0,2045,,#NAME?,S12000017,Scotland,Scottish unitary authority,,
MRY,The Moray Council,Y,27/06/2019,Link,No,Unsure - 'recognised that climate change is an ecological emergency',Yes - 'recognised that climate change is an ecological emergency',No,2030.0,2045,,#NAME?,S12000020,Scotland,Scottish unitary authority,,
THE,Three Rivers District Council,Y,21/05/2019,Link,No,No,No,Yes,2030.0,2030,,#NAME?,E07000102,East of England,Non-metropolitan district,HRT,
THR,Thurrock Council,Y,23/10/2019,Link,No,No,No,Yes,2030.0,None,,#NAME?,E06000034,East of England,Unitary authority,,
TON,Tonbridge and Malling Borough Council,Y,09/07/2019,Link,No,Yes (climate and biodiversity declaration),Declared,No,2030.0,2030,,#NAME?,E07000115,South East,Non-metropolitan district,KEN,
TOB,Torbay Council,Y,19/06/2019,Link,No,No,No,Yes,2050.0,2050,,#NAME?,E06000027,South West,Unitary authority,,
TOF,Torfaen County Borough Council,Y,25/06/2019,Link,No,No,No,No,,None,,#NAME?,W06000020,Wales,Welsh unitary authority,,
TOR,Torridge District Council,Y,01/07/2019,Link,No,No,"Yes ""promote and protect biodiversity is mentioned.""",No,2030.0,None,,#NAME?,E07000046,South West,Non-metropolitan district,DEV,
TRF,Trafford Metropolitan Borough Council,Y,28/11/2018,Link,No,No,"Yes ""catastrophic consequences for humans and the natural world.""",Yes,2038.0,2038,,#NAME?,E08000009,North West,Metropolitan district,,GMCA
TUN,Tunbridge Wells Borough Council,Y,17/07/2019,Link,No,Yes - Climate & Biodiversity Declaration,Declared,Yes,2030.0,2030,,#NAME?,E07000116,South East,Non-metropolitan district,KEN,
UTT,Uttlesford District Council,Y,30/07/2019,Link,No,Yes - Climate & Ecological Declaration,DeclaredAlso in climate action strategy,Yes,2030.0,2030,,#NAME?,E07000077,East of England,Non-metropolitan district,ESS,
VGL,Vale of Glamorgan Council,Y,29/07/2019,Link,No,No,No,Yes,2030.0,2050,,#NAME?,W06000014,Wales,Welsh unitary authority,,
VAL,Vale of White Horse District Council,Y,13/02/2019,Link,No,No,No,Yes,2030.0,2045,,#NAME?,E07000180,South East,Non-metropolitan district,OXF,
WKF,Wakefield Metropolitan District Council,Y,23/05/2019,Link,No,Yes - separate (March 2021),Declared,Yes,2030.0,2050,,#NAME?,E08000036,Yorkshire and The Humber,Metropolitan district,,WYCA
WLL,Walsall Metropolitan Borough Council,Y,16/09/2019,Link,No,No,No,No,2050.0,2050,,#NAME?,E08000030,West Midlands,Metropolitan district,,WMCA
WRT,Warrington Borough Council,Y,07/06/2019,Link,No,Yes - Ecological Emergency separate (Dec 2020),Declared,Yes,,2030 - in plan,,#NAME?,E06000007,North West,Unitary authority,,
WAW,Warwick District Council,Y,26/06/2019,Link,No,No,"Yes ""extinctions of plant, insect and animal species""","Yes ""lobby central government""",2025.0,2030,,#NAME?,E07000222,West Midlands,Non-metropolitan district,WAR,
WAR,Warwickshire County Council,Y,25/07/2019,Link,No,No,No,Yes,2050.0,2050,,#NAME?,E10000031,West Midlands,County,,
WAT,Watford Borough Council,Y,09/07/2019,Link,No,No,No,Yes,2030.0,2030,,#NAME?,E07000103,East of England,Non-metropolitan district,HRT,
WAE,Waverley Borough Council,Y,18/09/2019,Link,No,No,No,Yes,2030.0,2030,,#NAME?,E07000216,South East,Non-metropolitan district,SRY,
WEA,Wealden District Council,Y,24/07/2019,Link,Yes,No,No,"Yes, ""Work with""",2050.0,2050,,#NAME?,E07000065,South East,Non-metropolitan district,ESX,
WEL,Wellingborough Borough Council,N,,,,No,No,No,,Council - abolished,,#NAME?,E07000156,,,,
WEW,Welwyn Hatfield Borough Council,Y,19/06/2019,Link,No,No,No,Yes,2030.0,2030Not sure if this is the date given councils plan,,#NAME?,E07000241,East of England,Non-metropolitan district,HRT,
WBK,West Berkshire Council,Y,02/07/2019,Link,No,No,No,Yes,2030.0,2030,,#NAME?,E06000037,South East,Unitary authority,,
WDE,West Devon District Council,Y,21/05/2019,Link,No,"Yes - ""Climate and Biodiversity Emergency""",DeclaredAlso in plan - actions here,No,2030.0,2050,,#NAME?,E07000047,South West,Non-metropolitan district,DEV,
WDU,West Dunbartonshire,Y,29/05/2019,Link,No,No,No,Yes - Scottish and UK governments,2045.0,2045,,#NAME?,S12000039,Scotland,Scottish unitary authority,,
WLA,West Lancashire District Council,Y,17/07/2019,Link,No,No,No but mentions creation of new woodland in CE declaration.,Yes,2030.0,None,,#NAME?,E07000127,North West,Non-metropolitan district,LAN,
WLI,West Lindsey District Council,N,,,,No,No,,2050.0,None,,#NAME?,E07000142,East Midlands,Non-metropolitan district,LIN,
WLN,West Lothian,Y,24/09/2019,Link,Yes,No,No,Yes - Scottish,2045.0,2045,,#NAME?,S12000040,Scotland,Scottish unitary authority,,
WMCA,West Midlands Combined Authority,Y,28/06/2019,Link to articleLink to minutes,No,No,No,No,2041.0,2041,,#NAME?,E47000007,West Midlands,Combined authority,,
WNT,West Northamptonshire,N - New Council,,,,No - new council,No - new council,No - new council,,No - new council,,#NAME?,E06000062,East Midlands,Unitary authority,,
WECA,West of England Combined Authority,Y,01/07/2019,Link,No,No,No,No,2030.0,2030,,#NAME?,E47000009,South West,Combined authority,,
WOX,West Oxfordshire District Council,Y,26/06/2019,Link (ignore wrong date in title of the document),No,Yes - in climate and ecological emergency,DeclaredAlso a section in climate plan,No,2030.0,2050,,#NAME?,E07000181,South East,Non-metropolitan district,OXF,
WSK,West Suffolk Council,Y,19/09/2019,Link,No,"Yes - separate ""environmental emergency""",Yes - separate. ,No,2030.0,None,,#NAME?,E07000245,East of England,Non-metropolitan district,SFK,
WSX,West Sussex County Council,"Y ""note the call... to declare a climate emergency""",05/04/2019,Link,No,No,Not in declaration,Yes,2030.0,2050,,#NAME?,E10000032,South East,County,,
WYCA,West Yorkshire Combined Authority,Y,27/06/2019,Link,No,No,No,No,2038.0,2038,,#NAME?,E47000003,Yorkshire and The Humber,Combined authority,,
WSM,Westminster City Council,Y,18/09/2019,Link,No,No,No,No,2030.0,2040,,#NAME?,E09000033,London,London borough,,GLA
WGN,Wigan Metropolitan Borough Council,Y,17/07/2019,Link,Yes,No,"Yes, ""protect, maintain and enhance our natural environment"" in climate emergency declarationClimate Strategy is here. Mentions biodiversity with some actions listed.",Yes,2038.0,2038,,#NAME?,E08000010,North West,Metropolitan district,,GMCA
WIL,Wiltshire Council,Y,26/02/2019,Link,No,No,No,Yes,2030.0,2030,,#NAME?,E06000054,South West,Unitary authority,,
WIN,Winchester City Council,Y,05/06/2019,Link,No,No,No,Yes,2024.0,2030,,#NAME?,E07000094,South East,Non-metropolitan district,HAM,
WRL,Wirral Borough Council,Y,15/07/2019,Link,No,"Yes - ""Environmental and Climate Change""","Yes, policy statement here",Yes,2030.0,2041,,#NAME?,E08000015,North West,Metropolitan district,,LCR
WOI,Woking Borough Council,Y,25/07/2019,Link,No,No,Yes in declaration 'recognise that there is a Climate and Ecological Emergency; and that the Council formally declares a Climate Emergency'has separate Biodiversity Action Plan called Natural Woking (2016),Yes,2030.0,2050,,#NAME?,E07000217,South East,Non-metropolitan district,SRY,
WOK,Wokingham Borough Council,Y,18/07/2019,Link,No,No,No,No,2030.0,2030,,#NAME?,E06000041,South East,Unitary authority,,
WLV,Wolverhampton City Council,Y,17/07/2019,Link,No,No,No,Yes,2028.0,2028 (Support and work with all partners in the City towards making the city zero carbon within the same timescale),,#NAME?,E08000031,West Midlands,Metropolitan district,,WMCA
WOC,Worcester City Council,Y,16/07/2019,Link,No,No,No,Yes,2030.0,2030,,#NAME?,E07000237,West Midlands,Non-metropolitan district,WOR,
WOR,Worcestershire County Council,Y,15/07/2021,,,No,No,,2050.0,None,Commitment to 50% area reduction by 2030 as per LEP Energy Strategy 2019,#NAME?,E10000034,West Midlands,County,,
WOT,Worthing Borough Council,Y,18/07/2019,Link,No,No,No,No,2030.0,None,,#NAME?,E07000229,South East,Non-metropolitan district,WSX,
WRX,Wrexham County Borough Council,Y,25/09/2019,Link,No,"Yes ""Climate and Ecological Emergency""",Declared,Yes - Welsh and UK governments,2030.0,2050,,#NAME?,W06000006,Wales,Welsh unitary authority,,
WYC,Wychavon District Council,N,,,,No,No,No,,2050,,#NAME?,E07000238,West Midlands,Non-metropolitan district,WOR,
WYR,Wyre Borough Council,Y,11/07/2019,Link,No,No,No,Yes - request,2050.0,2050,,#NAME?,E07000128,North West,Non-metropolitan district,LAN,
WYE,Wyre Forest District Council,Y,22/05/2019,Link,No,No,No,No,,None,,#NAME?,E07000239,West Midlands,Non-metropolitan district,WOR,
GLA,Greater London Authority,Y,01/12/2019,Link,Yes,No,YES,,2030.0,2030,,https://www.london.gov.uk/sites/default/files/london_assembly_environment_committee_-_climate_emergency_report_final.pdf,E12000007,London,Strategic Regional Authority,,
